Pelvis_q_a,Pelvis_q_b,Pelvis_q_c,Pelvis_q_d,Right_Thigh_q_a,Right_Thigh_q_b,Right_Thigh_q_c,Right_Thigh_q_d,Right_Shank_q_a,Right_Shank_q_b,Right_Shank_q_c,Right_Shank_q_d,Right_Foot_q_a,Right_Foot_q_b,Right_Foot_q_c,Right_Foot_q_d,Left_Thigh_q_a,Left_Thigh_q_b,Left_Thigh_q_c,Left_Thigh_q_d,Left_Shank_q_a,Left_Shank_q_b,Left_Shank_q_c,Left_Shank_q_d,Left_Foot_q_a,Left_Foot_q_b,Left_Foot_q_c,Left_Foot_q_d
0.41705600000000004,-0.537321,-0.43379799999999996,-0.590906,-0.50432,0.07998,0.50868,-0.693187,0.632424,0.5018050000000001,-0.5768340000000001,0.124477,0.952728,-0.029027999999999998,0.257364,-0.158842,0.062438,-0.225836,-0.664513,-0.709593,0.312271,-0.6130770000000001,-0.447014,-0.571666,0.9437709999999999,-0.21195999999999998,0.253657,0.005222
0.417209,-0.537257,-0.43383999999999995,-0.590825,-0.50439,0.079959,0.508646,-0.693164,0.632433,0.501825,-0.5768220000000001,0.12440899999999999,0.952731,-0.029032,0.257317,-0.158896,0.062411,-0.22578600000000001,-0.664564,-0.709563,0.312253,-0.613071,-0.447049,-0.571655,0.9437629999999999,-0.211946,0.2537,0.005183
0.417313,-0.537207,-0.43392200000000003,-0.5907359999999999,-0.504447,0.079939,0.508618,-0.693146,0.632436,0.501835,-0.5768220000000001,0.12435399999999999,0.952734,-0.029037999999999998,0.257254,-0.15897999999999998,0.062398,-0.225744,-0.664619,-0.709526,0.312228,-0.613055,-0.447086,-0.571657,0.943757,-0.21191500000000002,0.253747,0.005157
0.41742299999999993,-0.537168,-0.434,-0.590637,-0.5045,0.079927,0.508598,-0.6931229999999999,0.632451,0.501842,-0.576806,0.12431700000000001,0.952736,-0.029082,0.257204,-0.159039,0.062340999999999994,-0.22568200000000002,-0.664673,-0.709501,0.312193,-0.613055,-0.44711999999999996,-0.571649,0.9437530000000001,-0.211875,0.253795,0.005136
0.417526,-0.537135,-0.434067,-0.590546,-0.504521,0.07990900000000001,0.508598,-0.69311,0.632464,0.501845,-0.5767939999999999,0.124298,0.9527370000000001,-0.029166,0.257168,-0.15908,0.062299,-0.22564,-0.66472,-0.7094729999999999,0.312158,-0.613025,-0.44717299999999993,-0.571659,0.9437459999999999,-0.21186100000000002,0.253834,0.005083
0.417633,-0.537105,-0.43416899999999997,-0.590422,-0.504529,0.079874,0.508612,-0.693098,0.632483,0.501853,-0.576769,0.124287,0.95273,-0.029202999999999996,0.257148,-0.159146,0.06227100000000001,-0.22559,-0.6647850000000001,-0.709431,0.312114,-0.613007,-0.44726000000000005,-0.571634,0.943736,-0.21184699999999998,0.25388499999999997,0.005068
0.417757,-0.537058,-0.434266,-0.590305,-0.504572,0.079851,0.508628,-0.6930569999999999,0.632486,0.501871,-0.576751,0.12428099999999999,0.952723,-0.029227999999999997,0.25713400000000003,-0.159206,0.06225,-0.225539,-0.664858,-0.709381,0.312067,-0.612987,-0.447333,-0.571624,0.9437190000000001,-0.211854,0.253944,0.005047
0.417871,-0.537021,-0.434356,-0.5901930000000001,-0.50459,0.079838,0.508646,-0.693032,0.6324960000000001,0.5018739999999999,-0.5767359999999999,0.12428399999999999,0.9527120000000001,-0.029219,0.257135,-0.159272,0.062217999999999996,-0.225481,-0.664926,-0.709338,0.312031,-0.6129680000000001,-0.447404,-0.571609,0.9437040000000001,-0.21187399999999998,0.253983,0.005004
0.417994,-0.536968,-0.43443000000000004,-0.5900989999999999,-0.504631,0.079823,0.508655,-0.692998,0.632508,0.501867,-0.576734,0.12426,0.952693,-0.029192000000000003,0.257151,-0.159366,0.062196,-0.225446,-0.6649930000000001,-0.7092890000000001,0.312002,-0.6129359999999999,-0.44746800000000003,-0.571608,0.943686,-0.21187399999999998,0.254051,0.004973
0.418126,-0.5369079999999999,-0.434497,-0.59001,-0.50468,0.079801,0.508663,-0.692959,0.632526,0.501851,-0.5767359999999999,0.124227,0.9526680000000001,-0.029119,0.257178,-0.159484,0.062165,-0.22541399999999998,-0.665037,-0.70926,0.311973,-0.61292,-0.447514,-0.5716060000000001,0.943674,-0.211866,0.254101,0.00494
0.418274,-0.53683,-0.434561,-0.5899300000000001,-0.504734,0.079788,0.508675,-0.692912,0.632548,0.501836,-0.576734,0.12418599999999999,0.9526379999999999,-0.029051,0.257204,-0.159631,0.062143,-0.225384,-0.665049,-0.70926,0.311942,-0.612909,-0.44755200000000006,-0.571605,0.9436709999999999,-0.21183400000000002,0.254139,0.004922
0.418421,-0.536736,-0.43462799999999996,-0.589862,-0.504767,0.07977000000000001,0.5087010000000001,-0.692871,0.632566,0.501831,-0.576728,0.124142,0.9526190000000001,-0.029023,0.257209,-0.15974100000000002,0.062121,-0.22533000000000003,-0.665041,-0.709287,0.311919,-0.6128899999999999,-0.447593,-0.571605,0.9436700000000001,-0.21180500000000002,0.254168,0.004893
0.41856499999999996,-0.536643,-0.434691,-0.5897979999999999,-0.504811,0.07975,0.508727,-0.692823,0.632583,0.501831,-0.576716,0.124105,0.9526049999999999,-0.028993,0.257222,-0.15981099999999998,0.062117,-0.225291,-0.66504,-0.7093,0.311896,-0.612877,-0.447621,-0.5716100000000001,0.943657,-0.21177800000000002,0.25424,0.0048530000000000005
0.41868299999999997,-0.536557,-0.434775,-0.58973,-0.504841,0.079731,0.508745,-0.692789,0.632616,0.501837,-0.576683,0.12406600000000001,0.952593,-0.028988999999999997,0.257233,-0.159865,0.062110000000000005,-0.22524499999999997,-0.665045,-0.7093109999999999,0.311872,-0.612874,-0.447644,-0.571608,0.943658,-0.21173699999999998,0.25427,0.004836
0.41878699999999996,-0.536469,-0.43484700000000004,-0.589683,-0.504862,0.079706,0.50878,-0.692752,0.63264,0.501832,-0.5766640000000001,0.12405699999999999,0.9525790000000001,-0.028995999999999997,0.257252,-0.159917,0.062126999999999995,-0.22518600000000003,-0.665062,-0.709313,0.311845,-0.612853,-0.447709,-0.571595,0.943652,-0.211707,0.254319,0.00483
0.41890299999999997,-0.536411,-0.43493100000000007,-0.589592,-0.504876,0.079705,0.508796,-0.6927300000000001,0.632662,0.501831,-0.5766439999999999,0.12404100000000001,0.952574,-0.028981,0.257259,-0.159942,0.062117,-0.22514699999999999,-0.6650699999999999,-0.709318,0.31180399999999997,-0.6128520000000001,-0.44776000000000005,-0.5715779999999999,0.943643,-0.21168499999999998,0.254372,0.00481
0.418995,-0.536374,-0.43501300000000004,-0.5895,-0.504879,0.079696,0.508832,-0.692702,0.632674,0.501831,-0.576635,0.124021,0.952567,-0.028991000000000003,0.257267,-0.159965,0.062099,-0.225119,-0.6651020000000001,-0.709299,0.311768,-0.612857,-0.44781000000000004,-0.571554,0.943628,-0.211664,0.254443,0.004784
0.41909700000000005,-0.536323,-0.435097,-0.589411,-0.504905,0.079707,0.50885,-0.6926680000000001,0.632678,0.501826,-0.576639,0.124004,0.9525620000000001,-0.028992,0.257279,-0.159975,0.062083000000000006,-0.22509200000000001,-0.665111,-0.7093,0.311734,-0.612858,-0.447841,-0.571546,0.943622,-0.21162899999999998,0.254494,0.004768
0.419192,-0.536297,-0.435172,-0.589312,-0.5049140000000001,0.07972699999999999,0.508901,-0.692623,0.6326890000000001,0.501791,-0.576654,0.124017,0.952556,-0.029017,0.257268,-0.160025,0.062099,-0.225077,-0.665111,-0.709303,0.311725,-0.612855,-0.447883,-0.5715210000000001,0.943616,-0.211608,0.25453600000000004,0.004682
0.41931499999999994,-0.536276,-0.435221,-0.589208,-0.504931,0.079799,0.508939,-0.692574,0.632703,0.501764,-0.576661,0.124021,0.952543,-0.029013999999999998,0.257301,-0.160052,0.062051999999999996,-0.225059,-0.665126,-0.7093,0.31172,-0.612879,-0.44794799999999996,-0.571448,0.943607,-0.211589,0.25458600000000003,0.004619
0.419458,-0.536242,-0.435271,-0.5891,-0.504931,0.07987000000000001,0.5089859999999999,-0.692531,0.63273,0.501713,-0.576678,0.12401300000000001,0.952542,-0.028997000000000002,0.257287,-0.160083,0.062071,-0.22505,-0.6651050000000001,-0.70932,0.311726,-0.6128939999999999,-0.448024,-0.5713689999999999,0.943614,-0.211573,0.254577,0.004556
0.41955200000000004,-0.536203,-0.43535,-0.589011,-0.504961,0.07988300000000001,0.509012,-0.692488,0.632733,0.501696,-0.5766899999999999,0.124011,0.952528,-0.028964999999999998,0.257326,-0.160108,0.062065999999999996,-0.22502199999999997,-0.665093,-0.709341,0.311684,-0.6129,-0.44809899999999997,-0.571327,0.9436040000000001,-0.211548,0.254633,0.004529999999999999
0.41965600000000003,-0.536143,-0.435442,-0.588923,-0.504995,0.07993,0.509023,-0.69245,0.63275,0.501663,-0.576699,0.124018,0.9525290000000001,-0.028936,0.257303,-0.160145,0.0621,-0.22498400000000002,-0.665089,-0.709354,0.311678,-0.6128979999999999,-0.448161,-0.571283,0.9436200000000001,-0.211495,0.254619,0.004494
0.419734,-0.5360779999999999,-0.43551899999999993,-0.588869,-0.505007,0.079927,0.5090319999999999,-0.692435,0.632753,0.5016579999999999,-0.576701,0.12401,0.952528,-0.028865,0.257304,-0.160161,0.062098,-0.224946,-0.665065,-0.709388,0.311646,-0.612866,-0.448215,-0.571293,0.943624,-0.211454,0.254637,0.004517
0.419775,-0.5360689999999999,-0.43560600000000005,-0.588785,-0.505021,0.079934,0.509076,-0.692392,0.6327550000000001,0.5016649999999999,-0.576689,0.12403199999999999,0.95252,-0.028868,0.257314,-0.160192,0.062065999999999996,-0.22492600000000001,-0.66508,-0.709384,0.311609,-0.612874,-0.44825600000000004,-0.571272,0.9436120000000001,-0.21143,0.254703,0.004469
0.41982600000000003,-0.536036,-0.43570299999999995,-0.5887060000000001,-0.505063,0.079927,0.509076,-0.692362,0.632758,0.50169,-0.576666,0.12402,0.9525239999999999,-0.028832,0.257295,-0.160207,0.062061,-0.224874,-0.665065,-0.709414,0.311593,-0.612846,-0.44828599999999996,-0.571287,0.943616,-0.211409,0.254707,0.004468
0.41990900000000003,-0.5360520000000001,-0.435787,-0.5885699999999999,-0.505073,0.079986,0.5090779999999999,-0.692346,0.632767,0.5017149999999999,-0.576637,0.124011,0.952509,-0.028872000000000002,0.257333,-0.16022899999999998,0.062039,-0.224843,-0.6650689999999999,-0.7094229999999999,0.31158,-0.6128560000000001,-0.44831800000000005,-0.571259,0.9436120000000001,-0.21138800000000002,0.25474,0.004448
0.42003999999999997,-0.535975,-0.435855,-0.588496,-0.50507,0.080033,0.5090899999999999,-0.692334,0.632787,0.5017229999999999,-0.5766060000000001,0.12401500000000001,0.9525110000000001,-0.028888,0.257329,-0.160218,0.062009,-0.224791,-0.665072,-0.709439,0.311598,-0.6128319999999999,-0.448337,-0.57126,0.943616,-0.21136100000000002,0.254748,0.004439
0.42005600000000004,-0.535942,-0.43593999999999994,-0.5884520000000001,-0.505076,0.07997699999999999,0.5091180000000001,-0.692315,0.632799,0.501743,-0.576573,0.12403099999999999,0.952516,-0.028849,0.257307,-0.16023199999999999,0.061982,-0.22478299999999998,-0.665108,-0.70941,0.311544,-0.6128020000000001,-0.44839300000000004,-0.571278,0.943608,-0.21134,0.254794,0.0044340000000000004
0.420071,-0.535967,-0.436046,-0.58834,-0.5050859999999999,0.079967,0.509135,-0.692297,0.63276,0.501792,-0.576567,0.12405899999999999,0.952492,-0.028876,0.257395,-0.160226,0.061975999999999996,-0.2248,-0.665164,-0.709353,0.311485,-0.61283,-0.448406,-0.5712689999999999,0.9435709999999999,-0.211348,0.254922,0.0044329999999999994
0.42017899999999997,-0.5359189999999999,-0.436134,-0.588241,-0.505157,0.07999099999999999,0.509089,-0.692276,0.632798,0.5017659999999999,-0.576559,0.124009,0.9524940000000001,-0.028799,0.257402,-0.160216,0.061964,-0.224753,-0.66514,-0.709391,0.311488,-0.612819,-0.4484,-0.571284,0.9435899999999999,-0.21129099999999998,0.254898,0.0044859999999999995
0.420232,-0.535848,-0.43621400000000005,-0.588209,-0.505195,0.079979,0.509089,-0.69225,0.632793,0.501762,-0.5765710000000001,0.123991,0.952507,-0.028745999999999997,0.257358,-0.16022,0.062005,-0.224706,-0.665126,-0.709415,0.31151,-0.612801,-0.4484,-0.571292,0.9435969999999999,-0.211231,0.254924,0.00448
0.42041999999999996,-0.535779,-0.436254,-0.5881069999999999,-0.505202,0.080051,0.509127,-0.692208,0.632817,0.501696,-0.5766020000000001,0.123992,0.9525129999999999,-0.028838,0.257271,-0.160307,0.062098,-0.224727,-0.665114,-0.709411,0.31159699999999996,-0.612771,-0.44839799999999996,-0.571278,0.9436120000000001,-0.211207,0.254892,0.0043170000000000005
0.420498,-0.535742,-0.43634700000000004,-0.588016,-0.505267,0.080111,0.509087,-0.692183,0.632884,0.5016729999999999,-0.576559,0.12394100000000001,0.952525,-0.028848000000000002,0.257249,-0.160268,0.062107,-0.22469099999999997,-0.6650739999999999,-0.7094600000000001,0.311658,-0.612717,-0.448429,-0.571278,0.943631,-0.211148,0.25487,0.0043159999999999995
0.42053500000000005,-0.535788,-0.436413,-0.587899,-0.50526,0.08015599999999999,0.5091100000000001,-0.692167,0.632915,0.501709,-0.5765,0.12391400000000001,0.9525129999999999,-0.028901999999999997,0.25731,-0.16023199999999999,0.062046000000000004,-0.22463699999999998,-0.665065,-0.709491,0.311673,-0.612701,-0.448485,-0.5712430000000001,0.943632,-0.21113600000000002,0.254877,0.004303
0.42061000000000004,-0.535733,-0.43651999999999996,-0.587816,-0.505204,0.08012999999999999,0.509193,-0.69215,0.632939,0.501634,-0.576527,0.123966,0.952522,-0.028950999999999998,0.257237,-0.16029300000000002,0.062179,-0.224609,-0.665013,-0.709537,0.311724,-0.612614,-0.44855100000000003,-0.571256,0.9436479999999999,-0.211123,0.25482899999999997,0.004204
0.42069799999999996,-0.53572,-0.436618,-0.587692,-0.505181,0.080185,0.5092399999999999,-0.692125,0.6329359999999999,0.5016649999999999,-0.576505,0.12396300000000002,0.952523,-0.028994,0.257223,-0.160301,0.062193,-0.224593,-0.664981,-0.70957,0.311824,-0.612524,-0.448632,-0.571235,0.943649,-0.21112899999999998,0.25482,0.004158
0.420721,-0.535764,-0.436713,-0.587565,-0.505165,0.080225,0.5092800000000001,-0.692103,0.632908,0.50169,-0.576505,0.124004,0.952501,-0.029036000000000003,0.257279,-0.160333,0.062153,-0.224586,-0.665003,-0.7095560000000001,0.311855,-0.612527,-0.4487,-0.571162,0.943641,-0.211142,0.254842,0.004089
0.42076800000000003,-0.5358310000000001,-0.436749,-0.587444,-0.505173,0.08025,0.5093,-0.69208,0.632833,0.501742,-0.576537,0.124028,0.9524870000000001,-0.029015,0.257321,-0.160349,0.062162,-0.224624,-0.6650560000000001,-0.709494,0.311819,-0.6126159999999999,-0.44877799999999995,-0.571025,0.9436209999999999,-0.21113200000000001,0.25492600000000004,0.004005
0.420825,-0.535888,-0.436801,-0.5873109999999999,-0.505221,0.080286,0.509308,-0.6920350000000001,0.632821,0.501746,-0.57655,0.124009,0.9524799999999999,-0.028963,0.257364,-0.160333,0.062167999999999994,-0.224598,-0.6650699999999999,-0.709487,0.311854,-0.612627,-0.44883100000000004,-0.570951,0.943615,-0.21109299999999998,0.25498200000000004,0.003925
0.420887,-0.535939,-0.436846,-0.587188,-0.505235,0.080339,0.5093310000000001,-0.692,0.632797,0.501779,-0.576548,0.124009,0.95245,-0.028970999999999997,0.25747800000000004,-0.16033,0.062105999999999995,-0.224604,-0.665097,-0.709465,0.31182,-0.612696,-0.44883900000000004,-0.57089,0.9436049999999999,-0.211046,0.255058,0.00387
0.42081899999999994,-0.536022,-0.43694399999999994,-0.587087,-0.505104,0.080215,0.509524,-0.691969,0.6326689999999999,0.501763,-0.576674,0.124142,0.952412,-0.029118,0.257513,-0.160471,0.062222,-0.22474499999999997,-0.665146,-0.7093649999999999,0.311754,-0.61279,-0.448821,-0.57084,0.9435610000000001,-0.21101,0.255255,0.003573
0.420908,-0.5359649999999999,-0.437036,-0.587007,-0.505158,0.080218,0.509494,-0.691951,0.6326689999999999,0.501832,-0.576615,0.12413800000000001,0.952406,-0.029119,0.257542,-0.160457,0.062223,-0.224714,-0.665147,-0.709374,0.311701,-0.612837,-0.448817,-0.570822,0.943558,-0.210975,0.255294,0.0035619999999999996
0.421079,-0.5358569999999999,-0.437115,-0.586925,-0.505262,0.080304,0.509389,-0.691943,0.63278,0.501827,-0.576513,0.12406500000000001,0.952418,-0.02912,0.25751599999999997,-0.160431,0.06221,-0.22461799999999998,-0.665118,-0.709433,0.311762,-0.612826,-0.44880600000000004,-0.570809,0.943594,-0.21094899999999997,0.25518,0.003643
0.421232,-0.5357149999999999,-0.437238,-0.586852,-0.505309,0.080334,0.5093449999999999,-0.691937,0.63288,0.501777,-0.576458,0.124008,0.95244,-0.029086,0.257459,-0.160398,0.062232,-0.224537,-0.665146,-0.70943,0.311798,-0.612785,-0.44881499999999996,-0.570825,0.943628,-0.210939,0.255064,0.0036729999999999996
0.421205,-0.5357350000000001,-0.43735100000000005,-0.586769,-0.505249,0.080282,0.509414,-0.691936,0.6328520000000001,0.50179,-0.5764699999999999,0.124049,0.952432,-0.029116000000000003,0.25745500000000004,-0.160443,0.062237,-0.22453800000000002,-0.665226,-0.709354,0.311772,-0.612765,-0.44882,-0.570858,0.943628,-0.210941,0.255062,0.0037259999999999997
0.421274,-0.535796,-0.43741199999999997,-0.5866180000000001,-0.50522,0.080327,0.509465,-0.691914,0.632846,0.501747,-0.576509,0.124071,0.952414,-0.029151999999999997,0.25750300000000004,-0.160469,0.062282000000000004,-0.22455999999999998,-0.665285,-0.7092890000000001,0.311758,-0.612803,-0.448801,-0.570839,0.9436110000000001,-0.210952,0.255116,0.003628
0.421284,-0.535846,-0.437482,-0.586514,-0.505246,0.08036,0.509484,-0.691878,0.632831,0.501795,-0.576489,0.12404100000000001,0.952411,-0.029119,0.257527,-0.160456,0.06225,-0.22456399999999999,-0.665305,-0.709271,0.311765,-0.612792,-0.448798,-0.57085,0.9435979999999999,-0.210946,0.255171,0.0035399999999999997
0.42142799999999997,-0.535821,-0.43754099999999996,-0.586389,-0.505265,0.080471,0.509486,-0.6918489999999999,0.632893,0.501618,-0.576572,0.12405699999999999,0.952405,-0.029202999999999996,0.257481,-0.160547,0.062385,-0.22456399999999999,-0.66523,-0.709329,0.311917,-0.612744,-0.448763,-0.5708449999999999,0.943629,-0.21092399999999997,0.255077,0.003375
0.42143,-0.535816,-0.437671,-0.586295,-0.505312,0.08051,0.509458,-0.6918310000000001,0.632903,0.501646,-0.576546,0.12401500000000001,0.95242,-0.029071,0.25748499999999996,-0.160478,0.062312,-0.224498,-0.66519,-0.709394,0.311896,-0.61274,-0.448754,-0.570868,0.9436399999999999,-0.21085,0.255096,0.0034909999999999997
0.421461,-0.535732,-0.43782600000000005,-0.586234,-0.5053880000000001,0.080544,0.509415,-0.691803,0.632944,0.501627,-0.576529,0.12396300000000002,0.952433,-0.028995999999999997,0.25745500000000004,-0.160459,0.062291,-0.224444,-0.6651560000000001,-0.709445,0.31188,-0.6127229999999999,-0.448766,-0.570886,0.943664,-0.21078899999999998,0.25505700000000003,0.00358
0.42156899999999997,-0.5357029999999999,-0.437911,-0.586119,-0.5055270000000001,0.080731,0.509275,-0.691783,0.6329859999999999,0.501727,-0.5764229999999999,0.12383499999999999,0.95242,-0.028868,0.25759699999999996,-0.16033499999999998,0.06214600000000001,-0.22431399999999999,-0.665146,-0.709508,0.311841,-0.612775,-0.448772,-0.570846,0.943678,-0.210734,0.25504699999999997,0.0037630000000000003
0.42162799999999995,-0.5357529999999999,-0.437961,-0.585994,-0.505491,0.080876,0.509338,-0.691746,0.632979,0.501657,-0.576485,0.123869,0.952415,-0.028939999999999997,0.25756599999999996,-0.160401,0.062275,-0.22433499999999998,-0.6651090000000001,-0.709525,0.311956,-0.612772,-0.448783,-0.570779,0.943687,-0.210742,0.255008,0.003589
0.42171099999999995,-0.535506,-0.438191,-0.585987,-0.505626,0.08076699999999999,0.509255,-0.691721,0.633038,0.501574,-0.576497,0.12384300000000001,0.952469,-0.028801999999999998,0.25737600000000005,-0.160411,0.062414,-0.22423800000000002,-0.665047,-0.7096020000000001,0.31196199999999996,-0.6126050000000001,-0.448849,-0.570902,0.943728,-0.21069000000000002,0.254899,0.003732
0.421766,-0.5354909999999999,-0.438302,-0.585879,-0.5055850000000001,0.080715,0.5093340000000001,-0.691699,0.633074,0.501437,-0.5765680000000001,0.123883,0.95247,-0.028937,0.257258,-0.16056900000000002,0.062624,-0.224237,-0.665008,-0.70962,0.312075,-0.612525,-0.44888,-0.570902,0.943743,-0.210659,0.25487,0.0036439999999999997
0.42180100000000004,-0.535503,-0.438382,-0.5857829999999999,-0.505592,0.080719,0.509338,-0.691691,0.6330899999999999,0.5013989999999999,-0.5765819999999999,0.12389700000000001,0.952458,-0.029004000000000002,0.257265,-0.160615,0.062679,-0.224241,-0.66502,-0.7096020000000001,0.312172,-0.6124890000000001,-0.44892,-0.570856,0.943749,-0.210652,0.25485599999999997,0.003571
0.42188000000000003,-0.535493,-0.438488,-0.5856560000000001,-0.505602,0.080805,0.509332,-0.691678,0.6331289999999999,0.501379,-0.576558,0.12388900000000001,0.952465,-0.029031,0.257241,-0.160608,0.06276,-0.224221,-0.665003,-0.7096180000000001,0.312252,-0.612471,-0.44894300000000004,-0.570814,0.943775,-0.21063600000000002,0.254771,0.003565
0.421914,-0.535537,-0.438557,-0.585539,-0.5055390000000001,0.080861,0.509402,-0.691666,0.633109,0.501346,-0.5766,0.123928,0.952465,-0.029127999999999998,0.25716,-0.160722,0.062927,-0.22426100000000002,-0.66501,-0.709584,0.312309,-0.6124649999999999,-0.44897600000000004,-0.570763,0.9437909999999999,-0.210623,0.25472399999999995,0.0033909999999999995
0.42216800000000004,-0.535211,-0.438749,-0.5855100000000001,-0.5057659999999999,0.080923,0.509191,-0.6916479999999999,0.633253,0.501273,-0.5765319999999999,0.123802,0.952515,-0.029008,0.25704699999999997,-0.160627,0.06287899999999999,-0.224061,-0.66492,-0.7097359999999999,0.312299,-0.612363,-0.44903000000000004,-0.570835,0.943842,-0.210585,0.254565,0.003625
0.42220699999999994,-0.535067,-0.438838,-0.585547,-0.505908,0.080874,0.5090979999999999,-0.6916180000000001,0.633287,0.5013380000000001,-0.5764600000000001,0.123699,0.9525440000000001,-0.028857999999999998,0.25704299999999997,-0.16048900000000002,0.062838,-0.22395,-0.6649149999999999,-0.709778,0.312225,-0.612294,-0.44908400000000004,-0.570908,0.9438700000000001,-0.21053000000000002,0.25450100000000003,0.004031
0.42237399999999997,-0.535064,-0.43884700000000004,-0.5854229999999999,-0.505862,0.081006,0.50915,-0.6915979999999999,0.6333260000000001,0.501162,-0.576551,0.123786,0.952523,-0.028972,0.257013,-0.160637,0.06299099999999999,-0.224009,-0.664945,-0.709719,0.31242600000000004,-0.612333,-0.44906599999999997,-0.57077,0.943888,-0.210517,0.254449,0.003811
0.42230200000000007,-0.53504,-0.438975,-0.5854,-0.505943,0.080982,0.509117,-0.691566,0.633394,0.501116,-0.576534,0.123705,0.952526,-0.028902999999999998,0.257023,-0.160618,0.062973,-0.22398400000000002,-0.664991,-0.709685,0.31238299999999997,-0.6122770000000001,-0.449087,-0.570837,0.9439040000000001,-0.21046900000000002,0.254427,0.0039310000000000005
0.42231899999999994,-0.535146,-0.43899399999999994,-0.585277,-0.5059239999999999,0.08105599999999999,0.509145,-0.69155,0.633336,0.501161,-0.576548,0.12375699999999999,0.952476,-0.028981,0.257173,-0.160661,0.063013,-0.224004,-0.6650159999999999,-0.7096520000000001,0.312409,-0.612391,-0.449078,-0.570707,0.943881,-0.210473,0.254511,0.003825
0.422145,-0.535065,-0.439213,-0.5853119999999999,-0.505961,0.08085099999999999,0.509166,-0.6915319999999999,0.633279,0.501196,-0.576573,0.12378800000000001,0.952506,-0.02887,0.2571,-0.160618,0.063112,-0.22393200000000002,-0.665054,-0.70963,0.312257,-0.612312,-0.44916000000000006,-0.570811,0.9438790000000001,-0.210432,0.254548,0.003924
0.422183,-0.53499,-0.43934799999999996,-0.585253,-0.505992,0.080959,0.509121,-0.69153,0.6333260000000001,0.501181,-0.576543,0.123748,0.9525239999999999,-0.028825999999999997,0.257076,-0.16055999999999998,0.06313099999999999,-0.22387600000000002,-0.665048,-0.709651,0.31233299999999997,-0.612325,-0.449186,-0.570735,0.9439200000000001,-0.21041100000000001,0.254416,0.003919
0.42218500000000003,-0.53493,-0.43948400000000004,-0.585203,-0.506015,0.08101699999999999,0.5091100000000001,-0.6915140000000001,0.6333489999999999,0.501153,-0.576546,0.12373599999999998,0.9525399999999999,-0.028817000000000002,0.257004,-0.160578,0.063145,-0.223832,-0.6650550000000001,-0.709658,0.312357,-0.612232,-0.44925,-0.570771,0.9439120000000001,-0.21040599999999998,0.254448,0.003926
0.422246,-0.534771,-0.439668,-0.585167,-0.506109,0.080977,0.509067,-0.6914819999999999,0.633405,0.501106,-0.576537,0.12368,0.952574,-0.028717000000000003,0.256913,-0.16054200000000002,0.063251,-0.223685,-0.665004,-0.709742,0.31238699999999997,-0.612097,-0.44931400000000005,-0.57085,0.943952,-0.21037199999999998,0.254328,0.004032
0.422349,-0.5348350000000001,-0.43970299999999995,-0.5850069999999999,-0.506012,0.081192,0.509139,-0.691474,0.633394,0.501041,-0.5765939999999999,0.123735,0.9525440000000001,-0.028818,0.256943,-0.160655,0.063313,-0.223727,-0.665003,-0.709724,0.312575,-0.612118,-0.44929399999999997,-0.5707399999999999,0.94396,-0.21038099999999998,0.254296,0.00375
0.422284,-0.5348189999999999,-0.439854,-0.584956,-0.5060180000000001,0.08121,0.509215,-0.691412,0.633314,0.501033,-0.5766789999999999,0.123779,0.952543,-0.028736,0.256959,-0.160647,0.063349,-0.22369699999999998,-0.665041,-0.709695,0.312431,-0.6120770000000001,-0.449304,-0.570854,0.943946,-0.21036300000000002,0.254359,0.0037799999999999995
0.422382,-0.534709,-0.439983,-0.584888,-0.506073,0.08113200000000001,0.5092409999999999,-0.691362,0.633316,0.500872,-0.576803,0.123839,0.952569,-0.028687,0.256809,-0.160745,0.063524,-0.223673,-0.66504,-0.709688,0.31246,-0.611999,-0.449323,-0.5709069999999999,0.9439860000000001,-0.210294,0.25427,0.003713
0.42256000000000005,-0.5345489999999999,-0.440083,-0.584831,-0.5061760000000001,0.081235,0.509133,-0.691354,0.633458,0.500663,-0.576836,0.123801,0.9525899999999999,-0.028709,0.256657,-0.160856,0.06365,-0.22359899999999996,-0.6649520000000001,-0.709782,0.312593,-0.611897,-0.449329,-0.5709380000000001,0.944026,-0.21026399999999998,0.254146,0.0037090000000000005
0.422705,-0.5343600000000001,-0.44021400000000005,-0.5848,-0.506261,0.081242,0.509071,-0.691337,0.633554,0.500553,-0.576838,0.123752,0.95262,-0.02865,0.256556,-0.16085,0.063736,-0.22351999999999997,-0.664895,-0.709853,0.312621,-0.6118100000000001,-0.44936000000000004,-0.5709930000000001,0.9440629999999999,-0.210207,0.254054,0.0037990000000000003
0.422834,-0.534231,-0.440291,-0.584767,-0.506366,0.08125299999999999,0.508955,-0.691343,0.633594,0.5006390000000001,-0.576739,0.123662,0.952633,-0.028571,0.256589,-0.160734,0.06365499999999999,-0.22343400000000002,-0.66493,-0.709855,0.312519,-0.611821,-0.449387,-0.5710149999999999,0.9440879999999999,-0.21016999999999997,0.253988,0.004031
0.422677,-0.5343220000000001,-0.440324,-0.584773,-0.50627,0.081122,0.50912,-0.691308,0.633467,0.500739,-0.576767,0.123771,0.9526180000000001,-0.028605000000000002,0.256614,-0.160777,0.063803,-0.22350799999999998,-0.665085,-0.709673,0.312397,-0.611924,-0.449429,-0.5709380000000001,0.944039,-0.210196,0.25415,0.00392
0.422708,-0.534226,-0.44042600000000004,-0.584761,-0.506303,0.08101699999999999,0.509124,-0.691293,0.633469,0.50075,-0.5767479999999999,0.123805,0.952627,-0.028607,0.25658600000000004,-0.160771,0.063875,-0.22342399999999998,-0.665116,-0.709663,0.31246999999999997,-0.611863,-0.449491,-0.570915,0.9440270000000001,-0.210202,0.25419200000000003,0.003851
0.422788,-0.5341640000000001,-0.440489,-0.584712,-0.506224,0.08096,0.509255,-0.691261,0.633376,0.500747,-0.576817,0.123973,0.952608,-0.028714,0.25656100000000004,-0.160906,0.064103,-0.22340500000000002,-0.66514,-0.709626,0.31256100000000003,-0.611795,-0.449579,-0.57087,0.9440209999999999,-0.21020300000000003,0.254214,0.003657
0.42268100000000003,-0.534225,-0.440546,-0.584692,-0.506153,0.080902,0.509368,-0.691237,0.633221,0.5009399999999999,-0.576807,0.124036,0.952591,-0.028713,0.256694,-0.160796,0.064032,-0.22337800000000002,-0.665238,-0.70955,0.312452,-0.611927,-0.44961999999999996,-0.570755,0.943991,-0.21020999999999998,0.25432,0.0037070000000000002
0.422756,-0.53418,-0.440586,-0.584648,-0.506132,0.080929,0.509436,-0.691199,0.633157,0.5009939999999999,-0.576816,0.1241,0.952575,-0.028712,0.256744,-0.160806,0.06411599999999999,-0.22338899999999998,-0.665247,-0.70953,0.312525,-0.611938,-0.449642,-0.5706859999999999,0.9439879999999999,-0.210206,0.254338,0.003588
0.42296300000000003,-0.533983,-0.44071499999999997,-0.584581,-0.5061720000000001,0.081028,0.509389,-0.6911930000000001,0.633267,0.500881,-0.576811,0.124018,0.952594,-0.028682999999999997,0.25666300000000003,-0.160832,0.064172,-0.223277,-0.665161,-0.7096399999999999,0.31262399999999996,-0.611853,-0.44967700000000005,-0.570695,0.944026,-0.210196,0.254203,0.0035590000000000005
0.422943,-0.533942,-0.440813,-0.584559,-0.506211,0.081149,0.509368,-0.6911649999999999,0.6332300000000001,0.50098,-0.576775,0.123976,0.9525959999999999,-0.028585000000000003,0.256759,-0.160678,0.064028,-0.223243,-0.665188,-0.709639,0.312566,-0.611862,-0.44971000000000005,-0.570691,0.9440139999999999,-0.210168,0.254269,0.003668
0.422892,-0.53386,-0.44096499999999994,-0.5845560000000001,-0.506304,0.081139,0.509313,-0.6911390000000001,0.633232,0.5009939999999999,-0.57677,0.123927,0.952628,-0.028448,0.256713,-0.160591,0.064013,-0.223149,-0.665171,-0.7096859999999999,0.312486,-0.611821,-0.44974899999999995,-0.5707479999999999,0.9440370000000001,-0.210108,0.254234,0.003815
0.42291599999999996,-0.533813,-0.44108100000000006,-0.584494,-0.50637,0.08132400000000001,0.5092369999999999,-0.691125,0.633202,0.501161,-0.576676,0.12384400000000001,0.9526370000000001,-0.028326,0.256805,-0.160409,0.063824,-0.223117,-0.665203,-0.709684,0.31247600000000003,-0.6118520000000001,-0.449751,-0.5707180000000001,0.944041,-0.21009,0.25423,0.004026
0.423046,-0.533748,-0.44117799999999996,-0.584386,-0.506467,0.081402,0.5091640000000001,-0.691099,0.633258,0.501109,-0.5766640000000001,0.12382,0.9526389999999999,-0.028291000000000004,0.256814,-0.16039,0.063792,-0.22302399999999997,-0.665149,-0.709766,0.312556,-0.6117859999999999,-0.44979399999999997,-0.570712,0.944083,-0.21005300000000002,0.254103,0.004036
0.42302399999999996,-0.533734,-0.44128999999999996,-0.584329,-0.506417,0.081462,0.5092260000000001,-0.691082,0.6332369999999999,0.501186,-0.576627,0.123795,0.9526389999999999,-0.028260000000000004,0.256834,-0.160363,0.063765,-0.223003,-0.66519,-0.7097359999999999,0.31249,-0.611769,-0.449849,-0.5707220000000001,0.9440930000000001,-0.21003400000000003,0.25408000000000003,0.004145
0.422986,-0.5336069999999999,-0.44148000000000004,-0.58433,-0.506532,0.081356,0.509177,-0.691046,0.633246,0.501203,-0.576608,0.12376500000000001,0.952664,-0.028125999999999998,0.25678,-0.160324,0.06375399999999999,-0.222896,-0.665219,-0.7097439999999999,0.312267,-0.611758,-0.449913,-0.570806,0.944101,-0.21000500000000002,0.254073,0.004307
0.42289399999999994,-0.5337189999999999,-0.441503,-0.584277,-0.506479,0.081348,0.509249,-0.691034,0.63313,0.501289,-0.576645,0.12384,0.9526399999999999,-0.028138999999999997,0.25689,-0.16029000000000002,0.063777,-0.222944,-0.6653279999999999,-0.709624,0.3122,-0.611869,-0.449917,-0.570721,0.944067,-0.21002600000000002,0.25418,0.004286
0.42281899999999994,-0.533771,-0.441554,-0.584245,-0.506447,0.081218,0.509351,-0.690997,0.633026,0.501274,-0.576752,0.12393499999999999,0.952628,-0.02817,0.25690100000000005,-0.16033699999999998,0.063901,-0.22295500000000001,-0.665395,-0.709548,0.312091,-0.611876,-0.449975,-0.5707270000000001,0.9440540000000001,-0.210017,0.254238,0.004173
0.42277700000000007,-0.533713,-0.44170200000000004,-0.584216,-0.506536,0.081163,0.509297,-0.690978,0.633023,0.501312,-0.576725,0.12391500000000001,0.9526389999999999,-0.028123000000000002,0.256867,-0.16033699999999998,0.06390900000000001,-0.22289299999999998,-0.665411,-0.709551,0.311987,-0.611839,-0.450028,-0.570782,0.944067,-0.20997600000000002,0.254222,0.004337
0.422951,-0.533618,-0.441795,-0.584108,-0.506575,0.08125,0.50925,-0.690973,0.633069,0.501208,-0.576764,0.123927,0.952635,-0.028183999999999997,0.256847,-0.160381,0.064009,-0.22284600000000002,-0.6653720000000001,-0.709593,0.312069,-0.6117739999999999,-0.450039,-0.5707979999999999,0.9440959999999999,-0.209934,0.254151,0.0043100000000000005
0.42317299999999997,-0.533516,-0.44185399999999997,-0.583996,-0.506609,0.081441,0.509199,-0.690964,0.6331859999999999,0.501088,-0.576749,0.12388800000000001,0.952642,-0.028224000000000003,0.25677300000000003,-0.160448,0.064052,-0.222775,-0.665312,-0.7096680000000001,0.312238,-0.611696,-0.450064,-0.570769,0.9441379999999999,-0.20989899999999997,0.25402199999999997,0.004307
0.42324700000000004,-0.533469,-0.44188599999999995,-0.58396,-0.50661,0.081482,0.5092,-0.6909569999999999,0.633174,0.50113,-0.576725,0.12388900000000001,0.9526399999999999,-0.028247,0.256787,-0.160436,0.064045,-0.22274899999999997,-0.665333,-0.709657,0.312299,-0.611737,-0.45006499999999994,-0.570692,0.944142,-0.20988800000000002,0.254015,0.0043479999999999994
0.42333000000000004,-0.533508,-0.441891,-0.58386,-0.506528,0.081577,0.509285,-0.690944,0.633137,0.50111,-0.576774,0.123928,0.9526190000000001,-0.028307,0.256844,-0.160456,0.0642,-0.222822,-0.665384,-0.709572,0.31243000000000004,-0.611831,-0.450034,-0.5705439999999999,0.944141,-0.209898,0.254013,0.004145
0.42347799999999997,-0.533327,-0.44205600000000006,-0.5837939999999999,-0.50662,0.081603,0.509193,-0.690941,0.6332369999999999,0.5010100000000001,-0.576764,0.12387000000000001,0.9526309999999999,-0.028288,0.256762,-0.160521,0.064317,-0.22271,-0.66532,-0.709657,0.312566,-0.61173,-0.450075,-0.570545,0.944161,-0.209879,0.253958,0.00412
0.423597,-0.533242,-0.442141,-0.583721,-0.506594,0.081584,0.509261,-0.690913,0.633243,0.500818,-0.576907,0.12395199999999999,0.9526180000000001,-0.028333999999999998,0.256733,-0.16064,0.064582,-0.222725,-0.6653060000000001,-0.709641,0.312698,-0.6116590000000001,-0.45011599999999996,-0.570516,0.944166,-0.209862,0.25395500000000004,0.0038909999999999995
0.423676,-0.533087,-0.44228100000000004,-0.583699,-0.506674,0.081526,0.509209,-0.6908989999999999,0.6332270000000001,0.50079,-0.576951,0.12393299999999999,0.9526389999999999,-0.028310000000000002,0.25664899999999996,-0.160652,0.064592,-0.22265900000000002,-0.6653,-0.709667,0.312702,-0.6115729999999999,-0.450166,-0.570566,0.944177,-0.20982699999999999,0.253941,0.0039770000000000005
0.42376199999999997,-0.533027,-0.44236099999999995,-0.583631,-0.506704,0.081617,0.50918,-0.6908880000000001,0.633238,0.500785,-0.57695,0.12390999999999999,0.952641,-0.028345,0.256614,-0.160689,0.064624,-0.222663,-0.665287,-0.709675,0.312849,-0.6115550000000001,-0.450171,-0.5705020000000001,0.9441870000000001,-0.20980900000000002,0.253922,0.003952000000000001
0.423597,-0.5329520000000001,-0.44257299999999994,-0.583658,-0.506732,0.081327,0.509239,-0.690858,0.633165,0.500848,-0.576974,0.12391300000000001,0.952652,-0.028263,0.256612,-0.16064,0.064725,-0.222613,-0.66537,-0.709603,0.312529,-0.611545,-0.450241,-0.570633,0.944161,-0.209781,0.25404,0.004027
0.42357399999999995,-0.532987,-0.442634,-0.583597,-0.5067560000000001,0.08138,0.5092180000000001,-0.6908489999999999,0.633173,0.500801,-0.5770029999999999,0.123928,0.95265,-0.028297000000000003,0.256608,-0.160656,0.064726,-0.222548,-0.665324,-0.709667,0.312555,-0.6115619999999999,-0.45026400000000005,-0.5705819999999999,0.9441729999999999,-0.209748,0.25401999999999997,0.004154
0.42361800000000005,-0.533025,-0.442712,-0.583471,-0.5067470000000001,0.081428,0.50925,-0.6908270000000001,0.633131,0.5008050000000001,-0.577036,0.123971,0.952642,-0.028317000000000002,0.256648,-0.160637,0.064756,-0.222507,-0.6652939999999999,-0.709705,0.31261500000000003,-0.611568,-0.450283,-0.5705279999999999,0.9441709999999999,-0.20973899999999998,0.254035,0.0041259999999999995
0.423774,-0.532956,-0.44281000000000004,-0.5833470000000001,-0.5068060000000001,0.081618,0.509157,-0.690829,0.633219,0.500704,-0.577034,0.12393900000000001,0.9526469999999999,-0.028304000000000003,0.256627,-0.160641,0.064739,-0.22244299999999997,-0.6652100000000001,-0.709806,0.312745,-0.611528,-0.45032,-0.570469,0.9442020000000001,-0.20972399999999997,0.25393000000000004,0.0041600000000000005
